face_s01,human_face,s1,Human Face (s1)
face_s02,human_face,s2,Human Face (s2)
face_s03,human_face,s3,Human Face (s3)
face_s04,human_face,s4,Human Face (s4)
face_s05,human_face,s5,Human Face (s5)
face_s06,human_face,s6,Human Face (s6)
face_s07,human_face,s7,Human Face (s7)
face_s08,human_face,s8,Human Face (s8)
face_s09,human_face,s9,Human Face (s9)
face_s10,human_face,s10,Human Face (s10)
face_s11,human_face,s11,Human Face (s11)
face_s12,human_face,s12,Human Face (s12)
face_s13,human_face,s13,Human Face (s13)
face_s14,human_face,s14,Human Face (s14)
face_s15,human_face,s15,Human Face (s15)
face_s16,human_face,s16,Human Face (s16)
face_s17,human_face,s17,Human Face (s17)
face_s18,human_face,s18,Human Face (s18)
face_s19,human_face,s19,Human Face (s19)
face_s20,human_face,s20,Human Face (s20)
face_s21,human_face,s21,Human Face (s21)
face_s22,human_face,s22,Human Face (s22)
face_s23,human_face,s23,Human Face (s23)
face_s24,human_face,s24,Human Face (s24)
face_s25,human_face,s25,Human Face (s25)
face_s26,human_face,s26,Human Face (s26)
face_s27,human_face,s27,Human Face (s27)
face_s28,human_face,s28,Human Face (s28)
face_s29,human_face,s29,Human Face (s29)
face_s30,human_face,s30,Human Face (s30)
face_s31,human_face,s31,Human Face (s31)
face_s32,human_face,s32,Human Face (s32)
face_s33,human_face,s33,Human Face (s33)
face_s34,human_face,s34,Human Face (s34)
face_s35,human_face,s35,Human Face (s35)
face_s36,human_face,s36,Human Face (s36)
face_s37,human_face,s37,Human Face (s37)
face_s38,human_face,s38,Human Face (s38)
face_s39,human_face,s39,Human Face (s39)
face_s40,human_face,s40,Human Face (s40)